我ら!Berryz仮面,我ら!Berryz仮面,"",カスタム名詞
イラストノート,イラストノート,"",カスタム名詞
ホセ・マリア・シシリア,ホセ・マリア・シシリア,"",カスタム名詞
メール解析,メール解析,"",カスタム名詞
Canon EF 50mm f/1.4 USM,CanonEF50mmf/1.4USM,"",カスタム名詞
地域づくり,地域づくり,"",カスタム名詞
帽子アトリエ,帽子アトリエ,"",カスタム名詞
青春大通り,青春大通り,"",カスタム名詞
リロケーション・ジャパン,リロケーション・ジャパン,"",カスタム名詞
コウモリシダ,コウモリシダ,"",カスタム名詞
ニカワホウキタケ,ニカワホウキタケ,"",カスタム名詞
中沢フーズ,中沢フーズ,"",カスタム名詞
グランド・ステアケース・エスカランテ・ナショナル・モニュメント,グランド・ステアケース・エスカランテ・ナショナル・モニュメント,"",カスタム名詞
小水力,小水力,"",カスタム名詞
地蔵婚,地蔵婚,"",カスタム名詞
不動産オークション,不動産オークション,"",カスタム名詞
オオギ漁,オオギ漁,"",カスタム名詞
無袋ふじ,無袋ふじ,"",カスタム名詞
プルプルピコプヨ,プルプルピコプヨ,"",カスタム名詞
マリソル・バジェス,マリソル・バジェス,"",カスタム名詞
上達の法則,上達の法則,"",カスタム名詞
ファーマーズマーケットやえやま,ファーマーズマーケットやえやま,"",カスタム名詞
切株映画,切株映画,"",カスタム名詞
スピエディーノ,スピエディーノ,"",カスタム名詞
根室さんま祭り,根室さんま祭り,"",カスタム名詞
スプーキー・トゥース,スプーキー・トゥース,"",カスタム名詞
奴隷契約,奴隷契約,"",カスタム名詞
アリアーヌ・ラベ,アリアーヌ・ラベ,"",カスタム名詞
開かれたＮＨＫをめざす全国連絡会,開かれたＮＨＫをめざす全国連絡会,"",カスタム名詞
三郷中央病院,三郷中央病院,"",カスタム名詞
新村直弘,新村直弘,"",カスタム名詞
ニオウシメジ,ニオウシメジ,"",カスタム名詞
日本再発見,日本再発見,"",カスタム名詞
ふるさと百餅祭り,ふるさと百餅祭り,"",カスタム名詞
Lawrence Zazzo,LawrenceZazzo,"",カスタム名詞
マインドブラインドネス理論,マインドブラインドネス理論,"",カスタム名詞
帯状皮質,帯状皮質,"",カスタム名詞
空中アリサ,空中アリサ,"",カスタム名詞
民評社,民評社,"",カスタム名詞
精神科特例,精神科特例,"",カスタム名詞
不潔部屋,不潔部屋,"",カスタム名詞
ルポ精神病棟,ルポ精神病棟,"",カスタム名詞
中央社会福祉審議会,中央社会福祉審議会,"",カスタム名詞
認知革命,認知革命,"",カスタム名詞
浜田雄介,浜田雄介,"",カスタム名詞
自閉症教育の実践研究,自閉症教育の実践研究,"",カスタム名詞
ヒラヒラくん青春仁義,ヒラヒラくん青春仁義,"",カスタム名詞
放射線脳症,放射線脳症,"",カスタム名詞
溶接技能者,溶接技能者,"",カスタム名詞
HANOI&HANOI,HANOI&HANOI,"",カスタム名詞
自由が丘セントクリストファガーデン,自由が丘セントクリストファガーデン,"",カスタム名詞
竹内靖司,竹内靖司,"",カスタム名詞
ウィルツモンド,ウィルツモンド,"",カスタム名詞
短歌研究社,短歌研究社,"",カスタム名詞
短歌研究,短歌研究,"",カスタム名詞
Treo755p,Treo755p,"",カスタム名詞
記憶と情動の脳科学,記憶と情動の脳科学,"",カスタム名詞
ティッキー,ティッキー,"",カスタム名詞
障害福祉,障害福祉,"",カスタム名詞
行動援護,行動援護,"",カスタム名詞
斉藤貴志,斉藤貴志,"",カスタム名詞
滝グラフ,滝グラフ,"",カスタム名詞
Merlin Bronques,MerlinBronques,"",カスタム名詞
下田信夫,下田信夫,"",カスタム名詞
GOF2,GOF2,"",カスタム名詞
音響エンジニア,音響エンジニア,"",カスタム名詞
日中活動,日中活動,"",カスタム名詞
台東デザイナーズビレッジ,台東デザイナーズビレッジ,"",カスタム名詞
ごみ処理機,ごみ処理機,"",カスタム名詞
セイバーメトリクス理論,セイバーメトリクス理論,"",カスタム名詞
ビッグ３,ビッグ３,"",カスタム名詞
平山興信所,平山興信所,"",カスタム名詞
岡室穂香,岡室穂香,"",カスタム名詞
山田寅次郎,山田寅次郎,"",カスタム名詞
蛙男モバイル,蛙男モバイル,"",カスタム名詞
赤木よしえ,赤木よしえ,"",カスタム名詞
レプリケーター,レプリケーター,"",カスタム名詞
ディオプター,ディオプター,"",カスタム名詞
森口誠之,森口誠之,"",カスタム名詞
頭部外傷症候群,頭部外傷症候群,"",カスタム名詞
通過症候群,通過症候群,"",カスタム名詞
国際出版,国際出版,"",カスタム名詞
モダン出版,モダン出版,"",カスタム名詞
荻島秀男,荻島秀男,"",カスタム名詞
車車間通信,車車間通信,"",カスタム名詞
石田仁,石田仁,"",カスタム名詞
Intel Signal Processing Library,IntelSignalProcessingLibrary,"",カスタム名詞
Frequency Shaping,FrequencyShaping,"",カスタム名詞
30-DELUX,30-DELUX,"",カスタム名詞
Best Alarm,BestAlarm,"",カスタム名詞
脳を支配する前頭葉,脳を支配する前頭葉,"",カスタム名詞
リハビリ病院,リハビリ病院,"",カスタム名詞
attention shifting,attentionshifting,"",カスタム名詞
前頭皮質,前頭皮質,"",カスタム名詞
中原尚哉,中原尚哉,"",カスタム名詞
ビーエービージャパン,ビーエービージャパン,"",カスタム名詞
苧阪直行,苧阪直行,"",カスタム名詞
Punch Drunk,PunchDrunk,"",カスタム名詞
共同偏視,共同偏視,"",カスタム名詞
iprevolution.co.jp,iprevolution.co.jp,"",カスタム名詞
N71,N71,"",カスタム名詞
4smartphone,4smartphone,"",カスタム名詞
E70,E70,"",カスタム名詞
+J for S60,+JforS60,"",カスタム名詞
Offline Maps,OfflineMaps,"",カスタム名詞
大脳連合野,大脳連合野,"",カスタム名詞
高次視覚中枢,高次視覚中枢,"",カスタム名詞
運動調節中枢,運動調節中枢,"",カスタム名詞
宮井一郎,宮井一郎,"",カスタム名詞
学習と脳,学習と脳,"",カスタム名詞
運動と脳,運動と脳,"",カスタム名詞
脳研究の最前線,脳研究の最前線,"",カスタム名詞
大石高生,大石高生,"",カスタム名詞
認知トレーニング,認知トレーニング,"",カスタム名詞
前前頭皮質,前前頭皮質,"",カスタム名詞
輻輳異常,輻輳異常,"",カスタム名詞
輻輳障害,輻輳障害,"",カスタム名詞
Active notes,Activenotes,"",カスタム名詞
Sports Tracker,SportsTracker,"",カスタム名詞
Y-Browser,Y-Browser,"",カスタム名詞
Handy Alarm,HandyAlarm,"",カスタム名詞
Voice Reminder,VoiceReminder,"",カスタム名詞
Audio Notes,AudioNotes,"",カスタム名詞
Handy Taskman,HandyTaskman,"",カスタム名詞
Remind Me,RemindMe,"",カスタム名詞
Newpea Audio Recorder,NewpeaAudioRecorder,"",カスタム名詞
Air Sharing,AirSharing,"",カスタム名詞
Mobile Files,MobileFiles,"",カスタム名詞
Nokia Serach,NokiaSerach,"",カスタム名詞
SMS Accelerator,SMSAccelerator,"",カスタム名詞
ブロンコレア,ブロンコレア,"",カスタム名詞
道免和久,道免和久,"",カスタム名詞
Over The Air,OverTheAir,"",カスタム名詞
遂行機能,遂行機能,"",カスタム名詞
executive function,executivefunction,"",カスタム名詞
輻輳角,輻輳角,"",カスタム名詞
ユレス・ベーラ,ユレス・ベーラ,"",カスタム名詞
オートレフ,オートレフ,"",カスタム名詞
視力検査機,視力検査機,"",カスタム名詞
空間分解分光,空間分解分光,"",カスタム名詞
時間分解分光,時間分解分光,"",カスタム名詞
光熱分光,光熱分光,"",カスタム名詞
網膜像,網膜像,"",カスタム名詞
視覚情報処理,視覚情報処理,"",カスタム名詞
視索,視索,"",カスタム名詞
等色関数,等色関数,"",カスタム名詞
プルキニェ現象,プルキニェ現象,"",カスタム名詞
偏心度,偏心度,"",カスタム名詞
aperture problem,apertureproblem,"",カスタム名詞
赤核後部,赤核後部,"",カスタム名詞
斜線規制,斜線規制,"",カスタム名詞
ジョン・T・ドレーパー,ジョン・T・ドレーパー,"",カスタム名詞
vegetative state,vegetativestate,"",カスタム名詞
対麻痺,対麻痺,"",カスタム名詞
両麻痺,両麻痺,"",カスタム名詞
Stephan Martiniere,StephanMartiniere,"",カスタム名詞
ビーズ縁飾り,ビーズ縁飾り,"",カスタム名詞
自助組織,自助組織,"",カスタム名詞
小野麻早,小野麻早,"",カスタム名詞
特養汚職,特養汚職,"",カスタム名詞
阪南市立病院,阪南市立病院,"",カスタム名詞
大野病院,大野病院,"",カスタム名詞
Package on Package,PackageonPackage,"",カスタム名詞
COPILOT FX,COPILOTFX,"",カスタム名詞
Steinberg Voice Machine,SteinbergVoiceMachine,"",カスタム名詞
過敬罪,過敬罪,"",カスタム名詞
BBC Radiophonic Workshop,BBCRadiophonicWorkshop,"",カスタム名詞
最大数,最大数,"",カスタム名詞
ハイリスク患者,ハイリスク患者,"",カスタム名詞
treo pro,treopro,"",カスタム名詞
バリュー一括,バリュー一括,"",カスタム名詞
E60,E60,"",カスタム名詞
Prophet-5,Prophet-5,"",カスタム名詞
Cabinet Simulator,CabinetSimulator,"",カスタム名詞
VCS3,VCS3,"",カスタム名詞
g200kg,g200kg,"",カスタム名詞
designer monkey,designermonkey,"",カスタム名詞
統合シェーダ,統合シェーダ,"",カスタム名詞
Boichi作品集HOTEL,Boichi作品集HOTEL,"",カスタム名詞
等方性フィルタリング,等方性フィルタリング,"",カスタム名詞
等方性フィルタ,等方性フィルタ,"",カスタム名詞
Brook+,Brook+,"",カスタム名詞
N97,N97,"",カスタム名詞
三島秀雄,三島秀雄,"",カスタム名詞
杏林大病院,杏林大病院,"",カスタム名詞
根本医師,根本医師,"",カスタム名詞
トリン・T.ミンハ,トリン・T.ミンハ,"",カスタム名詞
森山朋絵,森山朋絵,"",カスタム名詞
Sugar Bytes,SugarBytes,"",カスタム名詞
Sonic Bytes,SonicBytes,"",カスタム名詞
ATR Teknika,ATRTeknika,"",カスタム名詞
System in Package,SysteminPackage,"",カスタム名詞
TELA-C for INFINITY16,TELA-CforINFINITY16,"",カスタム名詞
DSK DrumZ,DSKDrumZ,"",カスタム名詞
Zero-X,Zero-X,"",カスタム名詞
AMG ONE,AMGONE,"",カスタム名詞
Stylus RMX,StylusRMX,"",カスタム名詞
GR21,GR21,"",カスタム名詞
人材教育,人材教育,"",カスタム名詞
Celtic harp,Celticharp,"",カスタム名詞
sf2midi,sf2midi,"",カスタム名詞
Alberto Rinaldi,AlbertoRinaldi,"",カスタム名詞
Novas2,Novas2,"",カスタム名詞
1981s,1981s,"",カスタム名詞
525stockton,525stockton,"",カスタム名詞
三谷幸広,三谷幸広,"",カスタム名詞
HDR-XR500V,HDR-XR500V,"",カスタム名詞
S&H,S&H,"",カスタム名詞
Max Emanuel Cencic,MaxEmanuelCencic,"",カスタム名詞
William Matteuzzi,WilliamMatteuzzi,"",カスタム名詞
Monica Bacelli,MonicaBacelli,"",カスタム名詞
群りゅうせい,群りゅうせい,"",カスタム名詞
ドライアイスセンセーション,ドライアイスセンセーション,"",カスタム名詞
被蓋,被蓋,"",カスタム名詞
微細管,微細管,"",カスタム名詞
HDR-XR520V,HDR-XR520V,"",カスタム名詞
小野塚佳光,小野塚佳光,"",カスタム名詞
Cyril Auvity,CyrilAuvity,"",カスタム名詞
俺言語,俺言語,"",カスタム名詞
ヌーディストビーチ,ヌーディストビーチ,"",カスタム名詞
拡張旧字体,拡張旧字体,"",カスタム名詞
硫酸アリル,硫酸アリル,"",カスタム名詞
金成道瑞,金成道瑞,"",カスタム名詞
オーリングテスト,オーリングテスト,"",カスタム名詞
医薬品ウェブマーケティング,医薬品ウェブマーケティング,"",カスタム名詞
日々穴熊,日々穴熊,"",カスタム名詞
日報出版,日報出版,"",カスタム名詞
M.A. Recordings,M.A.Recordings,"",カスタム名詞
山田聖,山田聖,"",カスタム名詞
エンデの遺言,エンデの遺言,"",カスタム名詞
Jonas Kaufmann,JonasKaufmann,"",カスタム名詞
アパート賃貸借契約書,アパート賃貸借契約書,"",カスタム名詞
アパート経営,アパート経営,"",カスタム名詞
モアクレストアルファス佐倉,モアクレストアルファス佐倉,"",カスタム名詞
建物賃貸借,建物賃貸借,"",カスタム名詞
佐藤美恵子,佐藤美恵子,"",カスタム名詞
発明会館,発明会館,"",カスタム名詞
ステファニー・ブライス,ステファニー・ブライス,"",カスタム名詞
DJ松本光司,DJ松本光司,"",カスタム名詞
モダンPerl入門,モダンPerl入門,"",カスタム名詞
政府批判,政府批判,"",カスタム名詞
ユネスコ憲章,ユネスコ憲章,"",カスタム名詞
カコちゃん,カコちゃん,"",カスタム名詞
Patricia Racette,PatriciaRacette,"",カスタム名詞
繁田真爾,繁田真爾,"",カスタム名詞
Peer Raben,PeerRaben,"",カスタム名詞
国際開洋,国際開洋,"",カスタム名詞
片柳弘史,片柳弘史,"",カスタム名詞
BLAST HEAD,BLASTHEAD,"",カスタム名詞
慈容,慈容,"",カスタム名詞
モバイルSEO完全計画,モバイルSEO完全計画,"",カスタム名詞
パチンコ７セグ,パチンコ７セグ,"",カスタム名詞
エッグベーカー,エッグベーカー,"",カスタム名詞
克献,克献,"",カスタム名詞
デルタリーナ,デルタリーナ,"",カスタム名詞
膣圧,膣圧,"",カスタム名詞
ロンシャン礼拝堂,ロンシャン礼拝堂,"",カスタム名詞
東京Ｒ,東京Ｒ,"",カスタム名詞
GPS-CS3K,GPS-CS3K,"",カスタム名詞
エヴェリーノ・ピド,エヴェリーノ・ピド,"",カスタム名詞
先行実施団体,先行実施団体,"",カスタム名詞
Academia Montis Regalis,AcademiaMontisRegalis,"",カスタム名詞
solaris10,solaris10,"",カスタム名詞
rhel5,rhel5,"",カスタム名詞
テュルク(ゲルト),テュルク(ゲルト),"",カスタム名詞
北京無宿,北京無宿,"",カスタム名詞
田原弘毅,田原弘毅,"",カスタム名詞
佐藤太,佐藤太,"",カスタム名詞
Roberta Invernizzi,RobertaInvernizzi,"",カスタム名詞
北海寮,北海寮,"",カスタム名詞
ntuser.dat,ntuser.dat,"",カスタム名詞
黒田光一,黒田光一,"",カスタム名詞
しーなねこ,しーなねこ,"",カスタム名詞
ザゼンソウ,ザゼンソウ,"",カスタム名詞
物理学徒,物理学徒,"",カスタム名詞
皆川満寿美,皆川満寿美,"",カスタム名詞
ソーシャル・エンタープライズ,ソーシャル・エンタープライズ,"",カスタム名詞
橋本晋,橋本晋,"",カスタム名詞
Generic.dx,Generic.dx,"",カスタム名詞
原田真純,原田真純,"",カスタム名詞
b-mobile 3G,b-mobile3G,"",カスタム名詞
EC8F03EA,EC8F03EA,"",カスタム名詞
オーバーフロー水槽,オーバーフロー水槽,"",カスタム名詞
Kobie van Rensburg,KobievanRensburg,"",カスタム名詞
Rufus Harley,RufusHarley,"",カスタム名詞
始末屋ジャック,始末屋ジャック,"",カスタム名詞
イザベル・プルナール,イザベル・プルナール,"",カスタム名詞
Anders J. Dahlin,AndersJ.Dahlin,"",カスタム名詞
本橋豊,本橋豊,"",カスタム名詞
Cecilia Gasdia,CeciliaGasdia,"",カスタム名詞
軍恩連盟,軍恩連盟,"",カスタム名詞
藤岡範士,藤岡範士,"",カスタム名詞
野馬土手,野馬土手,"",カスタム名詞
湯町焼き,湯町焼き,"",カスタム名詞
田中安比呂,田中安比呂,"",カスタム名詞
”w/”,”w/”,"",カスタム名詞
日本女性の会,日本女性の会,"",カスタム名詞
中田氏大百科,中田氏大百科,"",カスタム名詞
豊森なりわい塾,豊森なりわい塾,"",カスタム名詞
森林部門,森林部門,"",カスタム名詞
ツクレカス,ツクレカス,"",カスタム名詞
ウ・ソンミン,ウ・ソンミン,"",カスタム名詞
J.R.ヒメネス,J.R.ヒメネス,"",カスタム名詞
道の駅２３０ルスツ,道の駅２３０ルスツ,"",カスタム名詞
biera1,biera1,"",カスタム名詞
ヒキリトモヨ,ヒキリトモヨ,"",カスタム名詞
里村英一,里村英一,"",カスタム名詞
茶豆,茶豆,"",カスタム名詞
だだおし,だだおし,"",カスタム名詞
3次元セル,3次元セル,"",カスタム名詞
フィルタリスト,フィルタリスト,"",カスタム名詞
スティーヴ・フラー,スティーヴ・フラー,"",カスタム名詞
山本英世,山本英世,"",カスタム名詞
堀沢祖門,堀沢祖門,"",カスタム名詞
古今亭駒次,古今亭駒次,"",カスタム名詞
データスワロー,データスワロー,"",カスタム名詞
三谷亘,三谷亘,"",カスタム名詞
アーバン・ヘラクレス,アーバン・ヘラクレス,"",カスタム名詞
辰田淳一,辰田淳一,"",カスタム名詞
福田政行,福田政行,"",カスタム名詞
メビウス1,メビウス1,"",カスタム名詞
ゼネラルリソース,ゼネラルリソース,"",カスタム名詞
ニューコム,ニューコム,"",カスタム名詞
児玉邦康,児玉邦康,"",カスタム名詞
Ds11511,Ds11511,"",カスタム名詞
暦の会,暦の会,"",カスタム名詞
陽光城,陽光城,"",カスタム名詞
レイアウト水槽,レイアウト水槽,"",カスタム名詞
紅旗征戎,紅旗征戎,"",カスタム名詞
坂本鉄男,坂本鉄男,"",カスタム名詞
手帳活用術,手帳活用術,"",カスタム名詞
random read,randomread,"",カスタム名詞
クプトン博士,クプトン博士,"",カスタム名詞
熊野本宮温泉郷,熊野本宮温泉郷,"",カスタム名詞
湯之上隆,湯之上隆,"",カスタム名詞
百々りんご,百々りんご,"",カスタム名詞
書き込み分散,書き込み分散,"",カスタム名詞
LS-GL,LS-GL,"",カスタム名詞
X25-E,X25-E,"",カスタム名詞
G-Monster,G-Monster,"",カスタム名詞
HD Tune Pro,HDTunePro,"",カスタム名詞
積層技術,積層技術,"",カスタム名詞
★阿修羅♪,★阿修羅♪,"",カスタム名詞
X18-M,X18-M,"",カスタム名詞
PIX-DT181-PU0,PIX-DT181-PU0,"",カスタム名詞
MP640,MP640,"",カスタム名詞
アナログ・ブレイン,アナログ・ブレイン,"",カスタム名詞
たんすケータイあつめタイ＼(^o^)／,たんすケータイあつめタイ＼(^o^)／,"",カスタム名詞
稲穂投げ,稲穂投げ,"",カスタム名詞
藤田建次,藤田建次,"",カスタム名詞
LED液晶,LED液晶,"",カスタム名詞
LEDバックライト液晶,LEDバックライト液晶,"",カスタム名詞
SLRスターリングモス,SLRスターリングモス,"",カスタム名詞
Siemens Speedstream,SiemensSpeedstream,"",カスタム名詞
Giga Pocket Digital,GigaPocketDigital,"",カスタム名詞
ビソンノコギリクワガタ,ビソンノコギリクワガタ,"",カスタム名詞
K5-64,K5-64,"",カスタム名詞
MP Tool,MPTool,"",カスタム名詞
NAC-HD1,NAC-HD1,"",カスタム名詞
R.B.チャルディーニ,R.B.チャルディーニ,"",カスタム名詞
愛媛いよかん大使,愛媛いよかん大使,"",カスタム名詞
櫂伝馬競漕,櫂伝馬競漕,"",カスタム名詞
乳穂ケ滝氷祭,乳穂ケ滝氷祭,"",カスタム名詞
カイガラアマノリ,カイガラアマノリ,"",カスタム名詞
地域づくりマーケティング,地域づくりマーケティング,"",カスタム名詞
ひとくちほし柿,ひとくちほし柿,"",カスタム名詞
ヒガシクロテナガザル,ヒガシクロテナガザル,"",カスタム名詞
サカク族,サカク族,"",カスタム名詞
コセリバオウレン,コセリバオウレン,"",カスタム名詞
砂かけ祭り,砂かけ祭り,"",カスタム名詞
阿月神明祭,阿月神明祭,"",カスタム名詞
よふど温泉,よふど温泉,"",カスタム名詞
監獄歴史館,監獄歴史館,"",カスタム名詞
積層セラミックコンデンサ,積層セラミックコンデンサ,"",カスタム名詞
鳩ｃａｆｅ,鳩ｃａｆｅ,"",カスタム名詞
採青,採青,"",カスタム名詞
ぎふ金華山ロープウェイ,ぎふ金華山ロープウェイ,"",カスタム名詞
むらたたいち,むらたたいち,"",カスタム名詞
奥道後温泉,奥道後温泉,"",カスタム名詞
南小国温泉郷,南小国温泉郷,"",カスタム名詞
ボアロじぇらーと,ボアロじぇらーと,"",カスタム名詞
厚木シロコロ・ホルモン探検隊,厚木シロコロ・ホルモン探検隊,"",カスタム名詞
バッハルム,バッハルム,"",カスタム名詞
ジュリ馬,ジュリ馬,"",カスタム名詞
水海田楽能舞,水海田楽能舞,"",カスタム名詞
オキナワキノボリトカゲ,オキナワキノボリトカゲ,"",カスタム名詞
アンドレ・ルロワ・グーラン,アンドレ・ルロワ・グーラン,"",カスタム名詞
スノーレーサー,スノーレーサー,"",カスタム名詞
ふるはーとＪロード,ふるはーとＪロード,"",カスタム名詞
ゴールデン・ヘッド・ラングール,ゴールデン・ヘッド・ラングール,"",カスタム名詞
道の駅江差,道の駅江差,"",カスタム名詞
道の駅フォーレスト２７６大滝,道の駅フォーレスト２７６大滝,"",カスタム名詞
道の駅そうべつ情報館ｉ（アイ）,道の駅そうべつ情報館ｉ（アイ）,"",カスタム名詞
笠原しょうが,笠原しょうが,"",カスタム名詞
矢島かぶら,矢島かぶら,"",カスタム名詞
道の駅ピア２１しほろ,道の駅ピア２１しほろ,"",カスタム名詞
道の駅スワン４４ねむろ,道の駅スワン４４ねむろ,"",カスタム名詞
道の駅オーロラタウン９３りくべつ,道の駅オーロラタウン９３りくべつ,"",カスタム名詞
Bob&Carnivals,Bob&Carnivals,"",カスタム名詞
里芋祭り,里芋祭り,"",カスタム名詞
御渡り注進奉告祭,御渡り注進奉告祭,"",カスタム名詞
道の駅あしょろ銀河ホール２１,道の駅あしょろ銀河ホール２１,"",カスタム名詞
道の駅鐘のなるまち・ちっぷべつ,道の駅鐘のなるまち・ちっぷべつ,"",カスタム名詞
道の駅風Ｗとままえ,道の駅風Ｗとままえ,"",カスタム名詞
弥生の館　むきばんだ,弥生の館　むきばんだ,"",カスタム名詞
媽祖行列,媽祖行列,"",カスタム名詞
浜中誠,浜中誠,"",カスタム名詞
ＢＲＷ１０８,ＢＲＷ１０８,"",カスタム名詞
餅上げ力奉納,餅上げ力奉納,"",カスタム名詞
五大力尊仁王会,五大力尊仁王会,"",カスタム名詞
大日本鉱業,大日本鉱業,"",カスタム名詞
伊豫又,伊豫又,"",カスタム名詞
ふくさずし,ふくさずし,"",カスタム名詞
DSC-T10,DSC-T10,"",カスタム名詞
蛇切縄,蛇切縄,"",カスタム名詞
デンバーオムレツ,デンバーオムレツ,"",カスタム名詞
ラ・ルビュー・ド・バン・ド・フランス,ラ・ルビュー・ド・バン・ド・フランス,"",カスタム名詞
ピラスヌンガ51,ピラスヌンガ51,"",カスタム名詞
道の駅わきのさわ,道の駅わきのさわ,"",カスタム名詞
メルツ氷河,メルツ氷河,"",カスタム名詞
ウィキペずら,ウィキペずら,"",カスタム名詞
タテボシガイ,タテボシガイ,"",カスタム名詞
洞門山,洞門山,"",カスタム名詞
椿寒桜,椿寒桜,"",カスタム名詞
水戸納豆早食い世界大会,水戸納豆早食い世界大会,"",カスタム名詞
黒船ハーバー,黒船ハーバー,"",カスタム名詞
浅草ラスク,浅草ラスク,"",カスタム名詞
オールドイングランド,オールドイングランド,"",カスタム名詞
カワシオグサ,カワシオグサ,"",カスタム名詞
JMウェストン,JMウェストン,"",カスタム名詞
皆篭祭り,皆篭祭り,"",カスタム名詞
亀屋良長,亀屋良長,"",カスタム名詞
酵素玄米,酵素玄米,"",カスタム名詞
八ケ岳ジャーナル,八ケ岳ジャーナル,"",カスタム名詞
道の駅白樺の里やまがた,道の駅白樺の里やまがた,"",カスタム名詞
ＫＩＸエアサイドアベニュー,ＫＩＸエアサイドアベニュー,"",カスタム名詞
４２０級,４２０級,"",カスタム名詞
ジェーソン・ラミーシャプイ,ジェーソン・ラミーシャプイ,"",カスタム名詞
インドオキアジ,インドオキアジ,"",カスタム名詞
西村功,西村功,"",カスタム名詞
ふゆのめぐみ,ふゆのめぐみ,"",カスタム名詞
六郷満山峰入り行,六郷満山峰入り行,"",カスタム名詞
調整レイヤー,調整レイヤー,"",カスタム名詞
登野城結願祭,登野城結願祭,"",カスタム名詞
大涅槃像,大涅槃像,"",カスタム名詞
御舟かもめ,御舟かもめ,"",カスタム名詞
いわむろや,いわむろや,"",カスタム名詞
辻村塊,辻村塊,"",カスタム名詞
日本ペット訪問火葬協会,日本ペット訪問火葬協会,"",カスタム名詞
護摩焚き,護摩焚き,"",カスタム名詞
前野直史,前野直史,"",カスタム名詞
甲子柿,甲子柿,"",カスタム名詞
如意輪観音坐像,如意輪観音坐像,"",カスタム名詞
ウジルカンダ,ウジルカンダ,"",カスタム名詞
XDR結核,XDR結核,"",カスタム名詞
MDR結核,MDR結核,"",カスタム名詞
ウォーターバルーン,ウォーターバルーン,"",カスタム名詞
ブラウン・ダービー,ブラウン・ダービー,"",カスタム名詞
ちりめん細工,ちりめん細工,"",カスタム名詞
トウホクサンショウウオ,トウホクサンショウウオ,"",カスタム名詞
肥後六花園,肥後六花園,"",カスタム名詞
宇留摩庵,宇留摩庵,"",カスタム名詞
国際能力開発支援センター,国際能力開発支援センター,"",カスタム名詞
アモス・アダム,アモス・アダム,"",カスタム名詞
但馬みえ,但馬みえ,"",カスタム名詞
御輿渡御,御輿渡御,"",カスタム名詞
ソリハシセイタカシギ,ソリハシセイタカシギ,"",カスタム名詞
ジョスリン・ジェームズ,ジョスリン・ジェームズ,"",カスタム名詞
自由が丘スイーツフォレスト,自由が丘スイーツフォレスト,"",カスタム名詞
芦原空手,芦原空手,"",カスタム名詞
音無茶,音無茶,"",カスタム名詞
ポルフィラナーゼ,ポルフィラナーゼ,"",カスタム名詞
佐竹康宏,佐竹康宏,"",カスタム名詞
超級星光大道,超級星光大道,"",カスタム名詞
イカダづくり,イカダづくり,"",カスタム名詞
森元庸介,森元庸介,"",カスタム名詞
チェリーバルブ,チェリーバルブ,"",カスタム名詞
侘数寄,侘数寄,"",カスタム名詞
因講,因講,"",カスタム名詞
浄瑠璃神社,浄瑠璃神社,"",カスタム名詞
南極乾燥食,南極乾燥食,"",カスタム名詞
林育群,林育群,"",カスタム名詞
TAP PROJECT,TAPPROJECT,"",カスタム名詞
ローデス,ローデス,"",カスタム名詞
チャグチャグ馬子,チャグチャグ馬子,"",カスタム名詞
イルガッチェフェ,イルガッチェフェ,"",カスタム名詞
BON-BON BLANCO トコナツFEVER!!,BON-BONBLANCOトコナツFEVER!!,"",カスタム名詞
宮田麺児,宮田麺児,"",カスタム名詞
USBフットスイッチ,USBフットスイッチ,"",カスタム名詞
cafe andonand,cafeandonand,"",カスタム名詞
Cubicle 7 Entertainment,Cubicle7Entertainment,"",カスタム名詞
暗黒史観,暗黒史観,"",カスタム名詞
青窯,青窯,"",カスタム名詞
林枝里香,林枝里香,"",カスタム名詞
Voice4u,Voice4u,"",カスタム名詞
若槻善雄,若槻善雄,"",カスタム名詞
蘭乃はなの,蘭乃はなの,"",カスタム名詞
シグネチャー吉祥,シグネチャー吉祥,"",カスタム名詞
じわもんおかき,じわもんおかき,"",カスタム名詞
ウイゴンベ,ウイゴンベ,"",カスタム名詞
ナム・ワーン・マックウー,ナム・ワーン・マックウー,"",カスタム名詞
エセックスハウス・ホテル,エセックスハウス・ホテル,"",カスタム名詞
ランチドレッシング,ランチドレッシング,"",カスタム名詞
銚子大神幸祭,銚子大神幸祭,"",カスタム名詞
アガラーゼ,アガラーゼ,"",カスタム名詞
マミロボット,マミロボット,"",カスタム名詞
曲がり家,曲がり家,"",カスタム名詞
家建の茶屋跡の大島桜,家建の茶屋跡の大島桜,"",カスタム名詞
シダモ,シダモ,"",カスタム名詞
外国人研修生問題,外国人研修生問題,"",カスタム名詞
松会,松会,"",カスタム名詞
全国宝石学協会,全国宝石学協会,"",カスタム名詞
ベーハ小屋,ベーハ小屋,"",カスタム名詞
太布織,太布織,"",カスタム名詞
リーガルバー六法,リーガルバー六法,"",カスタム名詞
ボイス・フォー・ユー,ボイス・フォー・ユー,"",カスタム名詞
イソスズメダイ,イソスズメダイ,"",カスタム名詞
クロコショウダイ,クロコショウダイ,"",カスタム名詞
ハナフエフキ,ハナフエフキ,"",カスタム名詞
カマスベラ,カマスベラ,"",カスタム名詞
すずろまん,すずろまん,"",カスタム名詞
ウスイエンドウ,ウスイエンドウ,"",カスタム名詞
弥勒三番叟,弥勒三番叟,"",カスタム名詞
シラカベヒロ氏,シラカベヒロ氏,"",カスタム名詞
ニューヨーカーの青い鳥,ニューヨーカーの青い鳥,"",カスタム名詞
イブの恵み,イブの恵み,"",カスタム名詞
クマルリーフ,クマルリーフ,"",カスタム名詞
中大路優,中大路優,"",カスタム名詞
自動車所要時間,自動車所要時間,"",カスタム名詞
肥後芍薬,肥後芍薬,"",カスタム名詞
カバラン,カバラン,"",カスタム名詞
閑臥庵,閑臥庵,"",カスタム名詞
玻璃屋,玻璃屋,"",カスタム名詞
ジュレル渓谷,ジュレル渓谷,"",カスタム名詞
スペインイモリ,スペインイモリ,"",カスタム名詞
オイスタースタウト,オイスタースタウト,"",カスタム名詞
石段街,石段街,"",カスタム名詞
江頭道草,江頭道草,"",カスタム名詞
大湊海軍コロッケ,大湊海軍コロッケ,"",カスタム名詞
善光寺御奉納演奏会,善光寺御奉納演奏会,"",カスタム名詞
富津潜り,富津潜り,"",カスタム名詞
潜水器漁,潜水器漁,"",カスタム名詞
潤肌粋,潤肌粋,"",カスタム名詞
マンザニロ,マンザニロ,"",カスタム名詞
道の駅 おおとう桜街道,道の駅おおとう桜街道,"",カスタム名詞
坂井秀至,坂井秀至,"",カスタム名詞
ヴァルディヴィア,ヴァルディヴィア,"",カスタム名詞
小野正穂,小野正穂,"",カスタム名詞
柏木円,柏木円,"",カスタム名詞
菊地克典,菊地克典,"",カスタム名詞
暁山窯,暁山窯,"",カスタム名詞
きん齋,きん齋,"",カスタム名詞
坂本浩二,坂本浩二,"",カスタム名詞
坂本茂木,坂本茂木,"",カスタム名詞
土楽窯,土楽窯,"",カスタム名詞
中川自然坊,中川自然坊,"",カスタム名詞
野口義明,野口義明,"",カスタム名詞
藤原喜久代,藤原喜久代,"",カスタム名詞
デコレータ,デコレータ,"",カスタム名詞
ジュビロフットサルクラブ,ジュビロフットサルクラブ,"",カスタム名詞
宝石鑑別団体協議会,宝石鑑別団体協議会,"",カスタム名詞
アサヒ飲料杯,アサヒ飲料杯,"",カスタム名詞
ダブルアール,ダブルアール,"",カスタム名詞
Niki Chow Lai-ki,NikiChowLai-ki,"",カスタム名詞
天神塚古墳,天神塚古墳,"",カスタム名詞
平牧三元豚,平牧三元豚,"",カスタム名詞
れこっず,れこっず,"",カスタム名詞
だって、女の子なんだもん,だって、女の子なんだもん,"",カスタム名詞
ナガサキスズメダイ,ナガサキスズメダイ,"",カスタム名詞
菊地成孔とぺぺ・トルメント・アスカラール,菊地成孔とぺぺ・トルメント・アスカラール,"",カスタム名詞
ローランド・ハナ・トリオ,ローランド・ハナ・トリオ,"",カスタム名詞
HOTデシュラン,HOTデシュラン,"",カスタム名詞
パルス・タイダル,パルス・タイダル,"",カスタム名詞
東大理?,東大理?,"",カスタム名詞
国際法曹協会,国際法曹協会,"",カスタム名詞
SAアぺルタ,SAアぺルタ,"",カスタム名詞
離島保全法,離島保全法,"",カスタム名詞
グンデルパランチタ,グンデルパランチタ,"",カスタム名詞
Hello Kitty’s Kawaii Paradise,HelloKitty’sKawaiiParadise,"",カスタム名詞
磯蔵酒造,磯蔵酒造,"",カスタム名詞
自転車メンテナンス,自転車メンテナンス,"",カスタム名詞
スコティッシュ・パワー,スコティッシュ・パワー,"",カスタム名詞
欧州海洋エネルギーセンター,欧州海洋エネルギーセンター,"",カスタム名詞
直七,直七,"",カスタム名詞
ポール・フォール,ポール・フォール,"",カスタム名詞
居繰網漁,居繰網漁,"",カスタム名詞
スギエダタケ,スギエダタケ,"",カスタム名詞
打毬戯,打毬戯,"",カスタム名詞
@manaoshio,@manaoshio,"",カスタム名詞
ヒルトップ横濱根岸,ヒルトップ横濱根岸,"",カスタム名詞
八角灯籠,八角灯籠,"",カスタム名詞
マルゲリット・マリーラ,マルゲリット・マリーラ,"",カスタム名詞
アイテック情報技術教育研究部,アイテック情報技術教育研究部,"",カスタム名詞
マーティン・カイマー,マーティン・カイマー,"",カスタム名詞
ヒモラン,ヒモラン,"",カスタム名詞
ダブ・ワールド・アウトリーチ・センター,ダブ・ワールド・アウトリーチ・センター,"",カスタム名詞
アクアワールド茨城県大洗水族館,アクアワールド茨城県大洗水族館,"",カスタム名詞
Inkayacu paracasensis,Inkayacuparacasensis,"",カスタム名詞
大杉屋惣兵衛,大杉屋惣兵衛,"",カスタム名詞
ふなきたフェスタ,ふなきたフェスタ,"",カスタム名詞
飾卸,飾卸,"",カスタム名詞
周海媚,周海媚,"",カスタム名詞
国際スナイプ級,国際スナイプ級,"",カスタム名詞
富永義之,富永義之,"",カスタム名詞
日暮太郎,日暮太郎,"",カスタム名詞
やわたんまち,やわたんまち,"",カスタム名詞
ジョニ・バリオス,ジョニ・バリオス,"",カスタム名詞
宮下ＮＩＫＥパーク,宮下ＮＩＫＥパーク,"",カスタム名詞
八木橋麻子,八木橋麻子,"",カスタム名詞
アリアズナ,アリアズナ,"",カスタム名詞
名古屋水族館,名古屋水族館,"",カスタム名詞
愚直なるプトレマイオス,愚直なるプトレマイオス,"",カスタム名詞
エビスナンキン,エビスナンキン,"",カスタム名詞
２７０人２７１脚,２７０人２７１脚,"",カスタム名詞
ひがしもの,ひがしもの,"",カスタム名詞
モリ・ワーキング・ラボ,モリ・ワーキング・ラボ,"",カスタム名詞
全国鯉釣り協会,全国鯉釣り協会,"",カスタム名詞
鳥もつ煮,鳥もつ煮,"",カスタム名詞
尾花沢スイカ,尾花沢スイカ,"",カスタム名詞
代官山iスタジオ,代官山iスタジオ,"",カスタム名詞
キャップマークジャパン,キャップマークジャパン,"",カスタム名詞
悪ノＰ,悪ノＰ,"",カスタム名詞
インテルステノ,インテルステノ,"",カスタム名詞
長尾山古墳,長尾山古墳,"",カスタム名詞
不完全甘柿,不完全甘柿,"",カスタム名詞
つらら落とし,つらら落とし,"",カスタム名詞
Neopycnodonte zibrowii,Neopycnodontezibrowii,"",カスタム名詞
景品規約,景品規約,"",カスタム名詞
アリゾナ大学月惑星研究所,アリゾナ大学月惑星研究所,"",カスタム名詞
縄文まつり,縄文まつり,"",カスタム名詞
クロガシラノリ,クロガシラノリ,"",カスタム名詞
ヴィジュアルレタッチ,ヴィジュアルレタッチ,"",カスタム名詞
VSSエンタープライズ,VSSエンタープライズ,"",カスタム名詞
キャシー・チャウ,キャシー・チャウ,"",カスタム名詞
チュウルイ湾,チュウルイ湾,"",カスタム名詞
ワカ・プクヤーナ遺跡,ワカ・プクヤーナ遺跡,"",カスタム名詞
きつね火まつり,きつね火まつり,"",カスタム名詞
抜穂祭,抜穂祭,"",カスタム名詞
黒さつま鶏,黒さつま鶏,"",カスタム名詞
太田屋半右衛門,太田屋半右衛門,"",カスタム名詞
ユルリ,ユルリ,"",カスタム名詞
メリッサ・マルス,メリッサ・マルス,"",カスタム名詞
タキナガハ,タキナガハ,"",カスタム名詞
南三陸ヨットレース,南三陸ヨットレース,"",カスタム名詞
デスレーベルモード,デスレーベルモード,"",カスタム名詞
月兎舎,月兎舎,"",カスタム名詞
アプローズスクエア東京,アプローズスクエア東京,"",カスタム名詞
グーグル・インスタント,グーグル・インスタント,"",カスタム名詞
グローバル・オーガニック・テキスタイル・スタンダード,グローバル・オーガニック・テキスタイル・スタンダード,"",カスタム名詞
全国茶品評会,全国茶品評会,"",カスタム名詞
浅井メロン,浅井メロン,"",カスタム名詞
道路付け,道路付け,"",カスタム名詞
宍戸国際ゴルフ倶楽部,宍戸国際ゴルフ倶楽部,"",カスタム名詞
チセノミ,チセノミ,"",カスタム名詞
桐岡ナス,桐岡ナス,"",カスタム名詞
日本一の芋煮会フェスティバル,日本一の芋煮会フェスティバル,"",カスタム名詞
表示規約,表示規約,"",カスタム名詞
魯迅文學獎,魯迅文學獎,"",カスタム名詞
１円宅地,１円宅地,"",カスタム名詞
ゴーカー,ゴーカー,"",カスタム名詞
笠松志古羅ん,笠松志古羅ん,"",カスタム名詞
ラースロー・ポルガール,ラースロー・ポルガール,"",カスタム名詞
石田老舗,石田老舗,"",カスタム名詞
陽寶劔,陽寶劔,"",カスタム名詞
マカロニ・ディ・マーレ,マカロニ・ディ・マーレ,"",カスタム名詞
世界食料デー,世界食料デー,"",カスタム名詞
延岡観光協会,延岡観光協会,"",カスタム名詞
レクー・メディア,レクー・メディア,"",カスタム名詞
茅ケ崎市サーフィン業組合,茅ケ崎市サーフィン業組合,"",カスタム名詞
くらしのmoto市,くらしのmoto市,"",カスタム名詞
Safe Harbor Privacy Principles,SafeHarborPrivacyPrinciples,"",カスタム名詞
コツブゲンゴロウ,コツブゲンゴロウ,"",カスタム名詞
賓日館,賓日館,"",カスタム名詞
ジェームズ・ヘゼルデン,ジェームズ・ヘゼルデン,"",カスタム名詞
インターナショナル・ワイン・チャレンジ,インターナショナル・ワイン・チャレンジ,"",カスタム名詞
岩手短角牛,岩手短角牛,"",カスタム名詞
三元豚佐助,三元豚佐助,"",カスタム名詞
マリン・エコラベル,マリン・エコラベル,"",カスタム名詞
落ちアユ,落ちアユ,"",カスタム名詞
Ｎ２航空爆雷投射用機動式軌道衛星,Ｎ２航空爆雷投射用機動式軌道衛星,"",カスタム名詞
西明寺栗,西明寺栗,"",カスタム名詞
ノブヴィクトリー,ノブヴィクトリー,"",カスタム名詞
大迫ワインまつり,大迫ワインまつり,"",カスタム名詞
鹿の角きり,鹿の角きり,"",カスタム名詞
小鷹網,小鷹網,"",カスタム名詞
全国一般東京東部労組,全国一般東京東部労組,"",カスタム名詞
グリーズ581,グリーズ581,"",カスタム名詞
コーリー・ペイビン,コーリー・ペイビン,"",カスタム名詞
日本OpenStackユーザ会,日本OpenStackユーザ会,"",カスタム名詞
住めば愉快だ宇都宮,住めば愉快だ宇都宮,"",カスタム名詞
三陸シーカヤックマラソン,三陸シーカヤックマラソン,"",カスタム名詞
八戸前沖サバ,八戸前沖サバ,"",カスタム名詞
ムカシゲンゴロウ,ムカシゲンゴロウ,"",カスタム名詞
ヴァルモール夫人,ヴァルモール夫人,"",カスタム名詞
サイバーストーキング,サイバーストーキング,"",カスタム名詞
加藤吉平商店,加藤吉平商店,"",カスタム名詞
ナギナタタケ,ナギナタタケ,"",カスタム名詞
買受可能価額,買受可能価額,"",カスタム名詞
明渡猶予制度,明渡猶予制度,"",カスタム名詞
明渡しの催告,明渡しの催告,"",カスタム名詞
クルト・ベスタゴー,クルト・ベスタゴー,"",カスタム名詞
カラマラータ・オリエンターレ,カラマラータ・オリエンターレ,"",カスタム名詞
夕張商工会議所,夕張商工会議所,"",カスタム名詞
垂水カンパチ祭,垂水カンパチ祭,"",カスタム名詞
オテル・ドゥ・ミクニ,オテル・ドゥ・ミクニ,"",カスタム名詞
岩国基地問題,岩国基地問題,"",カスタム名詞
おくはらゆめ,おくはらゆめ,"",カスタム名詞
ピーター・ダイヤモンド,ピーター・ダイヤモンド,"",カスタム名詞
ハ会,ハ会,"",カスタム名詞
西山温泉慶雲舘,西山温泉慶雲舘,"",カスタム名詞
チャネルロドプシン・グリーンレシーバー,チャネルロドプシン・グリーンレシーバー,"",カスタム名詞
UDFy-38135539,UDFy-38135539,"",カスタム名詞
正気回復大会,正気回復大会,"",カスタム名詞
バンフ・マウンテン・フィルムフェスティバル,バンフ・マウンテン・フィルムフェスティバル,"",カスタム名詞
イクメン知事,イクメン知事,"",カスタム名詞
ドメーヌ・バロン・ド・ロートシルト,ドメーヌ・バロン・ド・ロートシルト,"",カスタム名詞
日本プロガイド協会,日本プロガイド協会,"",カスタム名詞
レッドコーニッシュ,レッドコーニッシュ,"",カスタム名詞
讃岐夢豚,讃岐夢豚,"",カスタム名詞
卑弥呼の庄,卑弥呼の庄,"",カスタム名詞
菊名の飴屋踊り,菊名の飴屋踊り,"",カスタム名詞
カンパイＦＥＳ,カンパイＦＥＳ,"",カスタム名詞
鹿児島黒牛,鹿児島黒牛,"",カスタム名詞
さつま若しゃも,さつま若しゃも,"",カスタム名詞
Marin&amp;Riena,Marin&amp;Riena,"",カスタム名詞
里むすめ,里むすめ,"",カスタム名詞
Ｅピニオンズ,Ｅピニオンズ,"",カスタム名詞
中沢サワークリーム,中沢サワークリーム,"",カスタム名詞
うぐい突き,うぐい突き,"",カスタム名詞
全日本自転車競技選手権,全日本自転車競技選手権,"",カスタム名詞
1000ゲノムプロジェクト,1000ゲノムプロジェクト,"",カスタム名詞
ティアナ・マディソン,ティアナ・マディソン,"",カスタム名詞
日本酒の日,日本酒の日,"",カスタム名詞
国際マンガサミット,国際マンガサミット,"",カスタム名詞
高津川シートゥサミット,高津川シートゥサミット,"",カスタム名詞
長崎居留地まつり,長崎居留地まつり,"",カスタム名詞
ＴＨＥ　ＲＯＰＰＯＮＧＩ　ＴＯＫＹＯ　ＣＬＵＢ　ＲＥＳＩＤＥＮＣ,ＴＨＥ　ＲＯＰＰＯＮＧＩ　ＴＯＫＹＯ　ＣＬＵＢ　ＲＥＳＩＤＥＮＣ,"",カスタム名詞
ルネ北久里浜ソラヒルズ,ルネ北久里浜ソラヒルズ,"",カスタム名詞
カッパ祭り,カッパ祭り,"",カスタム名詞
ＳＬばんえつ物語,ＳＬばんえつ物語,"",カスタム名詞
巨峰の丘マラソン大会,巨峰の丘マラソン大会,"",カスタム名詞
マスマート,マスマート,"",カスタム名詞
森林保険特会,森林保険特会,"",カスタム名詞
袋競り,袋競り,"",カスタム名詞
エトリーニ・フィレンツェ,エトリーニ・フィレンツェ,"",カスタム名詞
北京同仁堂,北京同仁堂,"",カスタム名詞
キヨタキ・ムーアモデル,キヨタキ・ムーアモデル,"",カスタム名詞
ヒルズゴルフアカデミー虎ノ門,ヒルズゴルフアカデミー虎ノ門,"",カスタム名詞
トラフカラッパ,トラフカラッパ,"",カスタム名詞
geometric cutoff,geometriccutoff,"",カスタム名詞
原原種,原原種,"",カスタム名詞
ジャガイモシストセンチュウ,ジャガイモシストセンチュウ,"",カスタム名詞
サワモタシ,サワモタシ,"",カスタム名詞
デール・モルテンセン,デール・モルテンセン,"",カスタム名詞
文化シヤッターサービス,文化シヤッターサービス,"",カスタム名詞
アルルの隠れ家,アルルの隠れ家,"",カスタム名詞
ニオイコベニタケ,ニオイコベニタケ,"",カスタム名詞
あから2010,あから2010,"",カスタム名詞
モハベ宇宙空港,モハベ宇宙空港,"",カスタム名詞
世界緑茶コンテスト,世界緑茶コンテスト,"",カスタム名詞
瀬戸ジャイアンツ,瀬戸ジャイアンツ,"",カスタム名詞
エンリコ・カステラーニ,エンリコ・カステラーニ,"",カスタム名詞
ものづくり女子部,ものづくり女子部,"",カスタム名詞
敦賀ムゼウム,敦賀ムゼウム,"",カスタム名詞
緑色光,緑色光,"",カスタム名詞
リュウキュウムラサキ,リュウキュウムラサキ,"",カスタム名詞
ナメラハゼ,ナメラハゼ,"",カスタム名詞
デイルズフォード・オーガニック,デイルズフォード・オーガニック,"",カスタム名詞
日南姫,日南姫,"",カスタム名詞
クレイドル・トゥ・クレイドル,クレイドル・トゥ・クレイドル,"",カスタム名詞
三井ホームテクノス,三井ホームテクノス,"",カスタム名詞
サロントーキョー,サロントーキョー,"",カスタム名詞
炭鉄団子,炭鉄団子,"",カスタム名詞
猿喰新田汐抜き穴,猿喰新田汐抜き穴,"",カスタム名詞
国際ペン大会,国際ペン大会,"",カスタム名詞
ハイバラムカシゲンゴロウ,ハイバラムカシゲンゴロウ,"",カスタム名詞
伊勢錦,伊勢錦,"",カスタム名詞
八匹原祭典,八匹原祭典,"",カスタム名詞
ヒメダイ,ヒメダイ,"",カスタム名詞
抜穂女,抜穂女,"",カスタム名詞
イスタンブール美術館,イスタンブール美術館,"",カスタム名詞
アレクサンドル・ド・ベルネー,アレクサンドル・ド・ベルネー,"",カスタム名詞
サービス付き高齢者住宅,サービス付き高齢者住宅,"",カスタム名詞
シロバナヒガンバナ,シロバナヒガンバナ,"",カスタム名詞
リノベーション住宅推進協議会,リノベーション住宅推進協議会,"",カスタム名詞
リー・ウェストウッド,リー・ウェストウッド,"",カスタム名詞
フランセスコ・モリナリ,フランセスコ・モリナリ,"",カスタム名詞
オーベルジュ・ド・リル,オーベルジュ・ド・リル,"",カスタム名詞
大和さくらい,大和さくらい,"",カスタム名詞
ヤマイグチ,ヤマイグチ,"",カスタム名詞
米沢市営小野川スキー場,米沢市営小野川スキー場,"",カスタム名詞
カウンターシェイディング,カウンターシェイディング,"",カスタム名詞
ナンヨウネズミ,ナンヨウネズミ,"",カスタム名詞
ゴルディロックス・ゾーン,ゴルディロックス・ゾーン,"",カスタム名詞
海の鼻水,海の鼻水,"",カスタム名詞
全米映画協会,全米映画協会,"",カスタム名詞
大山僧兵バーガー禅,大山僧兵バーガー禅,"",カスタム名詞
エコーネス,エコーネス,"",カスタム名詞
楽酷天,楽酷天,"",カスタム名詞
ケツァルコアトルス・ノルトロピ,ケツァルコアトルス・ノルトロピ,"",カスタム名詞
クロネコヤマトモバイルサイト,クロネコヤマトモバイルサイト,"",カスタム名詞
アーリースチューベン,アーリースチューベン,"",カスタム名詞
砂町水再生センター,砂町水再生センター,"",カスタム名詞
ディメンション・データ,ディメンション・データ,"",カスタム名詞
ＦＰＬ１,ＦＰＬ１,"",カスタム名詞
ヤナギマツタケ,ヤナギマツタケ,"",カスタム名詞
トスティ歌曲国際コンクール,トスティ歌曲国際コンクール,"",カスタム名詞
Escarpia laminata,Escarpialaminata,"",カスタム名詞
四国ノ乱,四国ノ乱,"",カスタム名詞
レオン・ブロワ,レオン・ブロワ,"",カスタム名詞
HRP-4C未夢,HRP-4C未夢,"",カスタム名詞
クリュチェフ山,クリュチェフ山,"",カスタム名詞
クリストファー・ピサリデス,クリストファー・ピサリデス,"",カスタム名詞
エオリンピア,エオリンピア,"",カスタム名詞
フミヅキタケ,フミヅキタケ,"",カスタム名詞
Minka Kelly,MinkaKelly,"",カスタム名詞
スレッドフィンパラダイス,スレッドフィンパラダイス,"",カスタム名詞
英語でしゃべり隊,英語でしゃべり隊,"",カスタム名詞
貿易再保険特会,貿易再保険特会,"",カスタム名詞
タケリタケ,タケリタケ,"",カスタム名詞
メガヌクレアーゼ,メガヌクレアーゼ,"",カスタム名詞
ランゲルハンス細胞組織球症,ランゲルハンス細胞組織球症,"",カスタム名詞
ガロタンニン,ガロタンニン,"",カスタム名詞
環保,環保,"",カスタム名詞
コーラルプロモーション,コーラルプロモーション,"",カスタム名詞
嘉吉祭,嘉吉祭,"",カスタム名詞
ゲノム定量解析システム,ゲノム定量解析システム,"",カスタム名詞
源平酒造,源平酒造,"",カスタム名詞
エウストフェルト,エウストフェルト,"",カスタム名詞
ボディオ,ボディオ,"",カスタム名詞
アルプトランジット・ゴッタルド,アルプトランジット・ゴッタルド,"",カスタム名詞
ジャズ・イーブック・ドット・コム,ジャズ・イーブック・ドット・コム,"",カスタム名詞
トガリアミガサタケ,トガリアミガサタケ,"",カスタム名詞
メスアカムラサキ,メスアカムラサキ,"",カスタム名詞
袖ケ浦カンツリークラブ,袖ケ浦カンツリークラブ,"",カスタム名詞
小田原フラワーガーデン,小田原フラワーガーデン,"",カスタム名詞
永楽堂,永楽堂,"",カスタム名詞
オオバミヤマノコギリシダ,オオバミヤマノコギリシダ,"",カスタム名詞
シロヤマシダ,シロヤマシダ,"",カスタム名詞
タイワンアオネカズラ,タイワンアオネカズラ,"",カスタム名詞
ジャスト・ギビング,ジャスト・ギビング,"",カスタム名詞
グラミン・雪国まいたけ,グラミン・雪国まいたけ,"",カスタム名詞
セベロ・モグジンスキー鉱区,セベロ・モグジンスキー鉱区,"",カスタム名詞
赤目四十八滝渓谷,赤目四十八滝渓谷,"",カスタム名詞
グローバル・ファイナンシャル・サポート,グローバル・ファイナンシャル・サポート,"",カスタム名詞
HOPEラスト優先出資匿名組合,HOPEラスト優先出資匿名組合,"",カスタム名詞
マゴットセラピー,マゴットセラピー,"",カスタム名詞
ネットワーク河村市長,ネットワーク河村市長,"",カスタム名詞
前川次郎,前川次郎,"",カスタム名詞
ムラサキホウキタケ,ムラサキホウキタケ,"",カスタム名詞
首藤バルブ製作所,首藤バルブ製作所,"",カスタム名詞
ヌクレオチド塩基,ヌクレオチド塩基,"",カスタム名詞
ヴァイタグラ,ヴァイタグラ,"",カスタム名詞
ジャン・ロラン,ジャン・ロラン,"",カスタム名詞
L-92乳酸菌,L-92乳酸菌,"",カスタム名詞
ジエンビン,ジエンビン,"",カスタム名詞
チョウ・ウェイトン,チョウ・ウェイトン,"",カスタム名詞
ヤシャイグチ,ヤシャイグチ,"",カスタム名詞
オーガニック・エクスチェンジ,オーガニック・エクスチェンジ,"",カスタム名詞
マルシェ・ジャポン・キャラバン,マルシェ・ジャポン・キャラバン,"",カスタム名詞
ハートレー彗星,ハートレー彗星,"",カスタム名詞
クロマドボタル,クロマドボタル,"",カスタム名詞
朱松花,朱松花,"",カスタム名詞
ジップ・ボード,ジップ・ボード,"",カスタム名詞
ベルバード・ブリッジ,ベルバード・ブリッジ,"",カスタム名詞
トゥグチ滝,トゥグチ滝,"",カスタム名詞
テングハギ,テングハギ,"",カスタム名詞
がや豆,がや豆,"",カスタム名詞
伝説の金さん,伝説の金さん,"",カスタム名詞
オオゴムタケ,オオゴムタケ,"",カスタム名詞
オニタケ,オニタケ,"",カスタム名詞
ピエール・キャール,ピエール・キャール,"",カスタム名詞
ぐしちゃんいい菜,ぐしちゃんいい菜,"",カスタム名詞
播磨ご当地バーガー協議会,播磨ご当地バーガー協議会,"",カスタム名詞
合資会社八丁味噌,合資会社八丁味噌,"",カスタム名詞
レミ・ド・グールモン,レミ・ド・グールモン,"",カスタム名詞
中小企業保証機構,中小企業保証機構,"",カスタム名詞
蔵前水再生センター,蔵前水再生センター,"",カスタム名詞
グラマトフィルム・スペキオスム,グラマトフィルム・スペキオスム,"",カスタム名詞
レイナルド・テマリー,レイナルド・テマリー,"",カスタム名詞
渡辺望,渡辺望,"",カスタム名詞
アルベール・サマン,アルベール・サマン,"",カスタム名詞
千歳船橋商店街振興組合,千歳船橋商店街振興組合,"",カスタム名詞
電気通信主任技術者試験研究会,電気通信主任技術者試験研究会,"",カスタム名詞
ごみ固形化燃料,ごみ固形化燃料,"",カスタム名詞
テルル化カドミウム,テルル化カドミウム,"",カスタム名詞
コンビニドラッグ,コンビニドラッグ,"",カスタム名詞
千風の会,千風の会,"",カスタム名詞
デザートスープ,デザートスープ,"",カスタム名詞
ワリ文明,ワリ文明,"",カスタム名詞
人性觀,人性觀,"",カスタム名詞
オニカマス,オニカマス,"",カスタム名詞
１３人のグランマザー,１３人のグランマザー,"",カスタム名詞
建築環境総合性能評価システム,建築環境総合性能評価システム,"",カスタム名詞
ブランコすり,ブランコすり,"",カスタム名詞
Huaca Colorada,HuacaColorada,"",カスタム名詞
フルクラエア,フルクラエア,"",カスタム名詞
オルト都市環境研究所,オルト都市環境研究所,"",カスタム名詞
スキンパターン,スキンパターン,"",カスタム名詞
十一面観音立像,十一面観音立像,"",カスタム名詞
知能システム,知能システム,"",カスタム名詞
レシピエント・コーディネーター,レシピエント・コーディネーター,"",カスタム名詞
須見洋行,須見洋行,"",カスタム名詞
上海大火,上海大火,"",カスタム名詞
陰寶劔,陰寶劔,"",カスタム名詞
eトロンスパイダー,eトロンスパイダー,"",カスタム名詞
ヴィーグ＆ヴァスルー,ヴィーグ＆ヴァスルー,"",カスタム名詞
ナスコナカイガラムシ,ナスコナカイガラムシ,"",カスタム名詞
木を活かす建築推進協議会,木を活かす建築推進協議会,"",カスタム名詞
野毛くじら横丁,野毛くじら横丁,"",カスタム名詞
野毛大道芸フェスタ,野毛大道芸フェスタ,"",カスタム名詞
田村萬盛堂,田村萬盛堂,"",カスタム名詞
しおサイダー,しおサイダー,"",カスタム名詞
国際ボランティア貯金寄付金,国際ボランティア貯金寄付金,"",カスタム名詞
閑雲軒,閑雲軒,"",カスタム名詞
Rhinopithecus strykeri,Rhinopithecusstrykeri,"",カスタム名詞
アフリカントラスト,アフリカントラスト,"",カスタム名詞
アフリカンパートナー,アフリカンパートナー,"",カスタム名詞
幾何学的カットオフ,幾何学的カットオフ,"",カスタム名詞
天河1A,天河1A,"",カスタム名詞
美唄商工会議所,美唄商工会議所,"",カスタム名詞
アントワーヌ・エロエ,アントワーヌ・エロエ,"",カスタム名詞
滋賀拉麺維新会,滋賀拉麺維新会,"",カスタム名詞
産直市場,産直市場,"",カスタム名詞
環境パイル工法協会,環境パイル工法協会,"",カスタム名詞
プリンス・マイケル２世,プリンス・マイケル２世,"",カスタム名詞
トリプルサン,トリプルサン,"",カスタム名詞
The+Ganges,The+Ganges,"",カスタム名詞
キューピッド・ラブズ,キューピッド・ラブズ,"",カスタム名詞
原宿神宮前まちづくり協議会,原宿神宮前まちづくり協議会,"",カスタム名詞
元祖ぶっちぎり寿司 魚心,元祖ぶっちぎり寿司魚心,"",カスタム名詞
向陽アドバンス,向陽アドバンス,"",カスタム名詞
フルティカ,フルティカ,"",カスタム名詞
Platycleis affinis,Platycleisaffinis,"",カスタム名詞
Drosophila bifurca,Drosophilabifurca,"",カスタム名詞
Leiolepis ngovantrii,Leiolepisngovantrii,"",カスタム名詞
津市観光協会,津市観光協会,"",カスタム名詞
日本発達発育学会,日本発達発育学会,"",カスタム名詞
マルスリーヌ・デボルド＝ヴァルモール,マルスリーヌ・デボルド＝ヴァルモール,"",カスタム名詞
ギガ・ピクセル・パノラマ,ギガ・ピクセル・パノラマ,"",カスタム名詞
ジョルジュ・ダリアン,ジョルジュ・ダリアン,"",カスタム名詞
フィリップ・ド・コミーヌ,フィリップ・ド・コミーヌ,"",カスタム名詞
フランシス・ポワトヴァン,フランシス・ポワトヴァン,"",カスタム名詞
アンドレ・フォンテナス,アンドレ・フォンテナス,"",カスタム名詞
金沢市中央卸売市場,金沢市中央卸売市場,"",カスタム名詞
開かれたNHKをめざす全国連絡会,開かれたNHKをめざす全国連絡会,"",カスタム名詞
パチンコ7セグ,パチンコ7セグ,"",カスタム名詞
ふるはーとJロード,ふるはーとJロード,"",カスタム名詞
BRW108,BRW108,"",カスタム名詞
N2航空爆雷投射用機動式軌道衛星,N2航空爆雷投射用機動式軌道衛星,"",カスタム名詞
カンパイFES,カンパイFES,"",カスタム名詞
Eピニオンズ,Eピニオンズ,"",カスタム名詞
FPL1,FPL1,"",カスタム名詞
プリンス・マイケル2世,プリンス・マイケル2世,"",カスタム名詞
13人のグランマザー,13人のグランマザー,"",カスタム名詞
○ー○ー○ー○,○ー○ー○ー○,ーーー,カスタム名詞
○ー○。,○ー○。,ーーー,カスタム名詞
GNZ48,GNZ48,ーエヌゼットフォーティーエイト,カスタム名詞
（ぁ,（ぁ,ァ,カスタム名詞
ぁまのじゃく,ぁまのじゃく,ァマノジャク,カスタム名詞
ぁみにぃ,ぁみにぃ,ァミニィ,カスタム名詞
ぁみみ,ぁみみ,ァミミ,カスタム名詞
ぁゃぴ,ぁゃぴ,ァャピ,カスタム名詞
ぁゃゃ,ぁゃゃ,ァャャ,カスタム名詞
Aqua’s Blog,Aqua’sBlog,ア,カスタム名詞
アーヴァイン・キニアス,アーヴァイン・キニアス,アーウ゛ァインキニアス,カスタム名詞
アーヴィン・カーシュナー,アーヴィン・カーシュナー,アーウ゛ィンカーシュナー,カスタム名詞
アーヴィング・バーリン,アーヴィング・バーリン,アーウ゛ィングバーリン,カスタム名詞
a.v.v,a.v.v,アーウ゛ェウ゛ェ,カスタム名詞
アーヴェリール迎賓館,アーヴェリール迎賓館,アーウ゛ェリールゲイヒンカン,カスタム名詞
アーウー・オジャママン,アーウー・オジャママン,アーウーオジャママン,カスタム名詞
アーウィン,アーウィン,アーウィン,カスタム名詞
アーウィン女性探偵社,アーウィン女性探偵社,アーウィンジョセイタンテイシャ,カスタム名詞
アーウィン・ローズ,アーウィン・ローズ,アーウィンローズ,カスタム名詞
アーウィン・ショウ,アーウィン・ショウ,アーウインショウ,カスタム名詞
AFCアヤックス,AFCアヤックス,アーエフセーアヤックス,カスタム名詞
アーカーシャ,アーカーシャ,アーカーシャ,カスタム名詞
アーカート,アーカート,アーカート,カスタム名詞
アーカード,アーカード,アーカード,カスタム名詞
ＡＫ４７,ＡＫ４７,アーカーヨンナナ,カスタム名詞
Archival Disc,ArchivalDisc,アーカイバルディスク,カスタム名詞
アーカイバル・ディスク,アーカイバル・ディスク,アーカイバルディスク,カスタム名詞
アーカイブス,アーカイブス,アーカイブス,カスタム名詞
アーカイブス出版,アーカイブス出版,アーカイブスシュッパン,カスタム名詞
アーカイブズ,アーカイブズ,アーカイブズ,カスタム名詞
アーカイブログ,アーカイブログ,アーカイブログ,カスタム名詞
アーカス,アーカス,アーカス,カスタム名詞
アーカッシュ,アーカッシュ,アーカッシュ,カスタム名詞
アーカム,アーカム,アーカム,カスタム名詞
アーカム・ハウス,アーカム・ハウス,アーカムハウス,カスタム名詞
Arkham House Pub,ArkhamHousePub,アーカムハウス,カスタム名詞
アーカムハウス,アーカムハウス,アーカムハウス,カスタム名詞
アーカムプロダクツ,アーカムプロダクツ,アーカムプロダクツ,カスタム名詞
アーカンジェル迎賓館,アーカンジェル迎賓館,アーカンジェルゲイヒンカン,カスタム名詞
アーカンジェル代官山,アーカンジェル代官山,アーカンジェルダイカンヤマ,カスタム名詞
アーカンソー州,アーカンソー州,アーカンソーシュウ,カスタム名詞
アーカンソー州会議事堂,アーカンソー州会議事堂,アーカンソーシュウカイギジドウ,カスタム名詞
アーカンソー州議会,アーカンソー州議会,アーカンソーシュウギカイ,カスタム名詞
アーカンソー州憲法,アーカンソー州憲法,アーカンソーシュウケンポウ,カスタム名詞
アーカンソー州知事,アーカンソー州知事,アーカンソーシュウチジ,カスタム名詞
